{
  "project_info": {
    "project_number": "853778555024",
    "project_id": "newsly-app-1764-test",
    "storage_bucket": "newsly-app-1764-test.appspot.com"
  },
  "client": [
    {
      "client_info": {
        "mobilesdk_app_id": "1:853778555024:android:bf7e26144342719066f815",
        "android_client_info": {
          "package_name": "com.example.newsly.newsly"
        }
      },
      "oauth_client": [
        {
          "client_id": "853778555024-949r1kqipiq4q1kp15e55o2c0l5k5idq.apps.googleusercontent.com",
          "client_type": 1,
          "android_info": {
            "package_name": "com.example.newsly.newsly",
            "certificate_hash": "183bebd6a9870ba77811e52f3eddb3ca298e952b"
          }
        },
        {
          "client_id": "853778555024-epcl6p6j958mqo1g1s0bbskv8ntmq77u.apps.googleusercontent.com",
          "client_type": 3
        }
      ],
      "api_key": [
        {
          "current_key": "AIzaSyDwGcHk5EYlsSAecmzdgULvfel_FYsB2Cg"
        }
      ],
      "services": {
        "appinvite_service": {
          "other_platform_oauth_client": [
            {
              "client_id": "853778555024-epcl6p6j958mqo1g1s0bbskv8ntmq77u.apps.googleusercontent.com",
              "client_type": 3
            },
            {
              "client_id": "853778555024-ddnsa532mlqd5k9nhngnpv0fo2j9clre.apps.googleusercontent.com",
              "client_type": 2,
              "ios_info": {
                "bundle_id": "com.example.newsly.newsly"
              }
            }
          ]
        }
      }
    }
  ],
  "configuration_version": "1"
}